802d2a5a8e715ea9e2183235f7198e38db43de36,DELETE,regular-file,Test/Network/Network edges/density_plots/binary_fixed_undirected_no_random_pooled_no_zi_densities.svg,44670118,
f22ecfa0a979473ce1c982c240e9f786c3bab4b8,DELETE,regular-file,Test/Network/Network edges/density_plots/binary_fixed_undirected_no_random_pooled_zi_densities.svg,44603606,
0e357368d36a523bde2d48d0b5691164998417eb,DELETE,regular-file,Test/Network/Network edges/density_plots/binary_fixed_undirected_no_random_unpooled_no_zi_densities.svg,44442467,
190720ea6318fad5588201c5d0eb3ccb0618a267,DELETE,regular-file,Test/Network/Network edges/density_plots/binary_fixed_undirected_no_random_unpooled_zi_densities.svg,44386079,
0ed1bcdc17602313913229fe2c39ff6fa90d7b17,DELETE,regular-file,Test/Network/Network edges/density_plots/binary_fixed_undirected_random_pooled_no_zi_densities.svg,45039988,
d4a3b5bf0f8cd7f6d44e298c8926bcd4dcf42aae,DELETE,regular-file,Test/Network/Network edges/density_plots/binary_fixed_undirected_random_unpooled_no_zi_densities.svg,44482509,
de7852d80cb5a2a08a39f2f96c605918a597d582,DELETE,regular-file,Test/Network/Network edges/density_plots/binary_fixed_undirected_random_unpooled_zi_densities.svg,44459388,
2258253f8a63ddab3f7a4505dd09652128bd4b9e,DELETE,regular-file,Test/Network/Network edges/density_plots/binary_no_fixed_undirected_no_random_pooled_no_zi_densities.svg,44597932,
fe824bf621a3f53cbe4a419f816a5fbd577d9645,DELETE,regular-file,Test/Network/Network edges/density_plots/binary_no_fixed_undirected_no_random_pooled_zi_densities.svg,44620023,
b22d5ce7c0c1305da2c681502e116764f04be561,DELETE,regular-file,Test/Network/Network edges/density_plots/binary_no_fixed_undirected_no_random_unpooled_no_zi_densities.svg,44778455,
4a8412a786002820408706be088415da0d27f1ba,DELETE,regular-file,Test/Network/Network edges/density_plots/binary_no_fixed_undirected_no_random_unpooled_zi_densities.svg,44697263,
f9ffd4a9193be066eefa05b24f14762eca241a69,DELETE,regular-file,Test/Network/Network edges/density_plots/binary_no_fixed_undirected_random_pooled_no_zi_densities.svg,44755376,
8a8580d1cb84e5b11d95ac1f99f0e918bc03c2f4,DELETE,regular-file,Test/Network/Network edges/density_plots/binary_no_fixed_undirected_random_unpooled_no_zi_densities.svg,44895309,
3d526ae59edbf6d53dc9cef1514315b6ebec8229,DELETE,regular-file,Test/Network/Network edges/density_plots/binary_no_fixed_undirected_random_unpooled_zi_densities.svg,44971982,
