"id","time","t_end","trial"
13,35,401,1
30,37,401,1
31,48,401,1
16,63,401,1
20,67,401,1
38,69,401,1
24,71,401,1
12,84,401,1
48,92,401,1
22,97,401,1
3,98,401,1
32,107,401,1
14,109,401,1
47,109,401,1
5,110,401,1
27,113,401,1
18,119,401,1
35,119,401,1
40,119,401,1
49,124,401,1
7,126,401,1
28,133,401,1
2,172,401,1
9,174,401,1
21,174,401,1
1,183,401,1
25,187,401,1
44,199,401,1
29,200,401,1
6,207,401,1
45,209,401,1
10,211,401,1
37,227,401,1
4,229,401,1
41,233,401,1
11,241,401,1
17,241,401,1
26,244,401,1
46,247,401,1
42,276,401,1
39,288,401,1
33,292,401,1
36,306,401,1
23,315,401,1
15,328,401,1
8,336,401,1
50,374,401,1
34,385,401,1
19,389,401,1
43,401,401,1
